Depth,Quartz,Calcite/Aragonite,Dolomite,Ankerite,Siderite,Dawsonite,Total K-feldspars,Orthoclase,Sanidine,Microcline,Anorthoclase,Total Plagioclase,Albite,Oligoclase,Andesine,Labradorite,Bytownite,Anorthite,Buddingtonite,Muscovite,Illite,Montmorillonite,Clinochlore,Kaolinite,Biotite,Glauconite,Pyrite,Hornblende,API Number,Chlorite,Smectite,Illite Smectite mix,Illite Smectite Mix,Dolomite+,Apatite,Barite,Illite/Mica,Fe Calcite,Fe Dolomite,Dolomite*,Albite.1
3689.75,58.0,0.7,3.6,,0.0,,1.4,,,,,4.0,,,,,,,,,30.9,,,19.2,,,2.4,,49-037-05236,,,,,,,,,,,,
3691.75,57.5,0.0,3.1,,1.6,,2.7,,,,,5.9,,,,,,,,,33.5,,,11.3,,,2.5,,49-037-05236,,,,,,,,,,,,
3692.75,51.9,0.5,2.4,,1.7,,2.1,,,,,7.5,,,,,,,,,34.0,,,10.6,,,3.8,,49-037-05236,,,,,,,,,,,,
3695.0,51.3,0.0,2.4,,3.7,,2.1,,,,,7.5,,,,,,,,,33.2,,,13.0,,,2.4,,49-037-05236,,,,,,,,,,,,
4728.0,113.0,,23.0,,,,14.0,,,,,0.0,,,,,,,,3.0,,,,0.0,1.0,,,,49-037-05683,0.0,,,,,,,,,,,
4729.0,119.0,,18.0,,,,12.0,,,,,1.0,,,,,,,,3.0,,,,0.0,0.0,,,,49-037-05683,0.0,,,,,,,,,,,
4736.1,132.0,,22.0,,,,7.0,,,,,2.0,,,,,,,,1.0,,,,3.0,0.0,,,,49-037-05683,1.0,,,,,,,,,,,
4743.0,138.0,,31.0,,,,10.0,,,,,0.0,,,,,,,,1.0,,,,1.0,0.0,,,,49-037-05683,1.0,,,,,,,,,,,
4290,125.0,,,,,,,,,,,,,,,,,,,,33.0,33.0,,20.0,,,,,49-037-05911,,,,,,,,,,,,
4300,,20.0,,,,,,50.0,,,,38.0,,,,,,,,,,,,,,,,,49-037-05911,,,,,,,,,,,,
7721.0,43.4,0.7,,,,,0.9,,,,,33.0,,,,,,,,,,,,,,,,,49-037-06253,,,,,,,,,,,,
7722.0,6.8,8.1,,,,,3.8,,,,,23.5,,,,,,,,,,,,,,,,,49-037-06253,,,,,,,,,,,,
7724.0,48.7,5.2,,,,,15.5,,,,,14.2,,,,,,,,,,,,,,,,,49-037-06253,,,,,,,,,,,,
7724.0,32.1,0.6,,,,,6.3,,,,,20.0,,,,,,,,,,,,,,,,,49-037-06253,,,,,,,,,,,,
7725.0,8.0,8.4,,,,,2.6,,,,,24.7,,,,,,,,,,,,,,,,,49-037-06253,,,,,,,,,,,,
7726.25,15.9,5.6,,,,,2.6,,,,,19.6,,,,,,,,,,,,,,,,,49-037-06253,,,,,,,,,,,,
7727.0,13.7,7.6,,,,,3.5,,,,,18.1,,,,,,,,,,,,,,,,,49-037-06253,,,,,,,,,,,,
10744,52.6,3.1,0.9,4.2,0.2,,20.9,5.1,,,,,,,,,,,,5.0,5.6,0.6,2.1,2.7,0.1,1.4,0.6,0.1,49-037-06373,,,,,,,,,,,,
10760.5,49.8,2.8,0.7,6.1,0.3,,19.5,2.9,,,,,,,,,,,,9.0,4.3,0.4,3.0,0.6,0.2,1.4,0.2,1.6,49-037-06373,,,,,,,,,,,,
10791,51.2,2.9,1.3,3.2,0.2,,23.0,6.9,,,,,,,,,,,,7.7,0.1,0.5,2.6,2.5,0.2,1.5,0.4,3.0,49-037-06373,,,,,,,,,,,,
13281.6,55.6,1.9,4.6,9.6,0.0,,17.5,9.3,,,,,,,,,,,,5.2,0.0,0.9,0.6,0.1,0.1,1.1,0.6,2.4,49-037-06373,,,,,,,,,,,,
13313.5,64.5,5.8,3.8,0.8,0.1,,15.2,3.2,,,,,,,,,,,,4.7,0.8,0.3,0.2,1.5,0.2,1.2,0.5,0.2,49-037-06373,,,,,,,,,,,,
5749,44.5,2.3,0.9,3.1,0.1,,23.7,6.6,,,,,,,,,,,,8.8,0.5,0.5,4.1,4.8,0.3,2.1,1.1,3.6,49-037-06373,,,,,,,,,,,,
5767,56.4,1.0,0.3,0.4,0.2,,27.5,7.5,,,,,,,,,,,,4.8,0.8,0.7,2.0,3.0,0.1,1.2,0.6,1.0,49-037-06373,,,,,,,,,,,,
8600.2,46.9,3.7,1.6,2.7,0.8,,22.8,4.2,,,,,,,,,,,,7.5,6.5,0.2,3.4,1.9,0.5,0.4,0.3,0.1,49-037-06373,,,,,,,,,,,,
" 8,606.3 ",27.5,7.7,24.0,10.1,0.5,,14.4,2.4,,,,,,,,,,,,4.5,4.5,1.2,0.6,0.4,0.7,2.2,1.1,1.0,49-037-06373,,,,,,,,,,,,
" 9,393.5 ",44.5,16.8,0.0,0.7,1.0,,23.2,5.0,,,,,,,,,,,,4.5,0.3,0.9,0.6,3.7,0.3,1.3,1.6,0.7,49-037-06373,,,,,,,,,,,,
" 9,395.1 ",59.0,0.8,0.0,0.2,0.0,,22.3,0.5,,,,,,,,,,,,7.5,1.8,0.2,1.2,1.8,0.2,2.3,0.2,2.5,49-037-06373,,,,,,,,,,,,
" 7,457.0 ",46.5,2.4,1.1,6.2,0.2,,23.5,5.4,,,,,,,,,,,,9.1,1.0,2.1,2.3,2.3,1.0,0.5,0.8,1.0,49-037-06373,,,,,,,,,,,,
" 7,466.3 ",44.9,6.8,5.0,1.0,0.5,,20.4,3.0,,,,,,,,,,,,10.5,1.3,0.8,3.0,2.2,0.2,0.7,0.1,2.6,49-037-06373,,,,,,,,,,,,
" 13,534.6 ",65.6,1.9,0.0,0.4,0.0,,19.1,3.3,,,,,,,,,,,,4.7,0.8,0.5,2.1,1.2,0.1,2.5,0.4,0.6,49-037-06373,,,,,,,,,,,,
" 13,555.5 ",64.0,1.2,1.1,0.2,0.1,,18.6,1.7,,,,,,,,,,,,6.1,0.1,1.1,1.9,1.2,0.0,3.3,0.7,0.5,49-037-06373,,,,,,,,,,,,
" 7,741.9 ",46.7,5.7,0.8,3.2,0.5,,19.0,1.4,,,,,,,,,,,,9.0,0.6,0.5,3.1,8.0,0.1,1.5,1.0,0.4,49-037-06373,,,,,,,,,,,,
" 7,751.5 ",37.2,15.2,5.7,1.7,0.3,,15.3,1.3,,,,,,,,,,,,8.5,0.2,1.1,2.3,6.5,0.1,1.2,1.6,3.1,49-037-06373,,,,,,,,,,,,
" 7,785.0 ",49.1,3.7,2.5,2.4,0.5,,23.1,3.9,,,,,,,,,,,,7.3,1.9,0.5,4.5,2.9,0.1,0.7,0.7,0.4,49-037-06373,,,,,,,,,,,,
" 7,822.8 ",38.6,2.1,2.7,2.5,0.2,,23.4,7.4,,,,,,,,,,,,16.7,1.3,1.1,1.1,2.5,0.9,1.4,0.4,5.5,49-037-06373,,,,,,,,,,,,
" 8,698.5 ",47.2,4.9,0.4,3.0,0.1,,22.4,4.4,,,,,,,,,,,,8.0,4.8,0.2,2.8,2.9,0.7,0.5,0.4,1.9,49-037-06373,,,,,,,,,,,,
" 8,730.4 ",38.5,19.7,1.2,2.3,0.4,,22.1,6.1,,,,,,,,,,,,4.1,5.5,0.5,2.5,1.2,0.2,0.2,1.3,0.3,49-037-06373,,,,,,,,,,,,
" 8,742.0 ",47.4,4.9,1.0,3.2,1.0,,24.3,6.4,,,,,,,,,,,,6.6,2.2,0.9,3.3,3.0,0.3,1.0,0.2,1.1,49-037-06373,,,,,,,,,,,,
" 8,785.2 ",30.0,1.8,7.7,2.9,0.8,,18.5,4.8,,,,,,,,,,,,18.5,3.9,0.0,3.0,9.9,1.7,0.9,0.3,0.5,49-037-06373,,,,,,,,,,,,
" 8,800.1 ",41.7,3.1,3.0,2.2,2.1,,25.2,4.9,,,,,,,,,,,,11.4,0.9,1.6,2.3,3.9,0.1,1.0,0.5,1.3,49-037-06373,,,,,,,,,,,,
" 9,911.3 ",55.8,2.1,1.0,2.4,0.2,,22.2,2.1,,,,,,,,,,,,5.0,2.9,0.5,2.2,1.1,0.2,3.1,1.4,0.0,49-037-06373,,,,,,,,,,,,
" 9,933.0 ",36.8,2.1,5.5,3.2,0.4,,12.5,0.2,,,,,,,,,,,,26.4,1.2,1.5,3.7,2.3,0.2,3.1,1.0,0.4,49-037-06373,,,,,,,,,,,,
" 9,999.9 ",38.6,2.3,27.5,3.5,1.2,,17.0,1.8,,,,,,,,,,,,3.5,2.4,0.4,0.1,1.6,0.8,0.3,0.3,1.1,49-037-06373,,,,,,,,,,,,
" 10,952.1 ",54.9,1.4,0.5,0.6,0.1,,24.7,4.3,,,,,,,,,,,,6.2,2.3,0.3,3.8,1.0,0.3,2.4,0.2,1.4,49-037-06373,,,,,,,,,,,,
" 10,965.2 ",57.3,2.5,0.3,0.5,0.1,,25.0,8.8,,,,,,,,,,,,6.2,0.5,0.4,1.5,2.7,0.1,2.6,0.1,0.6,49-037-06373,,,,,,,,,,,,
" 11,252.2 ",50.8,0.3,3.9,2.8,0.0,,19.8,0.6,,,,,,,,,,,,9.3,0.6,0.5,2.2,3.8,0.4,4.1,0.1,0.7,49-037-06373,,,,,,,,,,,,
" 11,292.6 ",48.7,1.4,3.2,2.9,0.6,,21.6,1.3,,,,,,,,,,,,11.7,4.0,0.2,0.6,1.8,0.5,0.7,1.3,0.8,49-037-06373,,,,,,,,,,,,
" 11,300.3 ",48.9,4.5,0.6,3.9,0.4,,24.7,1.3,,,,,,,,,,,,6.5,1.6,1.4,1.4,3.2,0.4,1.1,0.9,0.6,49-037-06373,,,,,,,,,,,,
" 11,311.5 ",44.6,2.0,9.5,2.8,0.1,,15.5,1.3,,,,,,,,,,,,14.3,0.9,0.2,4.0,0.9,1.3,1.5,2.2,0.6,49-037-06373,,,,,,,,,,,,
5430,63.0,1,1.0,,2.0,,3.0,,,,,20.0,,,,,,,,,42.0,,,29.0,,,0,,49-037-06396,10.0,0.0,19.0,,,,,,,,,
5438,57.0,3,3.0,,2.0,,2.0,,,,,21.0,,,,,,,,,47.0,,,30.0,,,0,,49-037-06396,9.0,0.0,14.0,,,,,,,,,
5456,51.0,13,2.0,,3.0,,4.0,,,,,18.0,,,,,,,,,50.0,,,27.0,,,0,,49-037-06396,9.0,0.0,14.0,,,,,,,,,
5840,61.0,2,2.0,,2.0,,4.0,,,,,19.0,,,,,,,,,50.0,,,22.0,,,0,,49-037-06396,11.0,0.0,17.0,,,,,,,,,
5851,64.0,0,2.0,,2.0,,4.0,,,,,18.0,,,,,,,,,48.0,,,21.0,,,0,,49-037-06396,14.0,0.0,17.0,,,,,,,,,
5904,61.0,9,0.0,,0.0,,1.0,,,,,20.0,,,,,,,,,44.0,,,24.0,,,0,,49-037-06396,22.0,0.0,10.0,,,,,,,,,
,37.2,,19.3,,,,,,,,,,9.2,,,,,,,23.7,,,,1.5,,,0.9,,49-037-06417,,,,,,,,,,,,
667,77.0,0,0.0,,,,1.0,,,,,15.0,,,,,,,,,0.0,,,7.0,,,,,49-037-07100,0.0,,,0.0,,,,,,,,
680,67.0,18,0.0,,,,0.0,,,,,11.0,,,,,,,,,0.0,,,4.0,,,,,49-037-07100,0.0,,,0.0,,,,,,,,
702,79.0,2,2.0,,,,1.0,,,,,4.0,,,,,,,,,4.0,,,4.0,,,,,49-037-07100,2.0,,,2.0,,,,,,,,
716,82.0,0,0.0,,,,4.0,,,,,7.0,,,,,,,,,0.0,,,7.0,,,,,49-037-07100,0.0,,,0.0,,,,,,,,
751,91.0,0,0.0,,,,1.0,,,,,3.0,,,,,,,,,0.0,,,5.0,,,,,49-037-07100,0.0,,,0.0,,,,,,,,
769,83.0,1,0.0,,,,0.0,,,,,9.0,,,,,,,,,0.0,,,7.0,,,,,49-037-07100,0.0,,,0.0,,,,,,,,
828,87.0,0,0.0,,,,2.0,,,,,1.0,,,,,,,,,0.0,,,2.0,,,,,49-037-07100,4.0,,,0.0,,,,,,,,
844,77.0,0,0.0,,,,4.0,,,,,11.0,,,,,,,,,0.0,,,8.0,,,,,49-037-07100,0.0,,,0.0,,,,,,,,
860,81.0,3,0.0,,,,3.0,,,,,7.0,,,,,,,,,0.0,,,6.0,,,,,49-037-07100,0.0,,,0.0,,,,,,,,
940,90.0,0,0.0,,,,2.0,,,,,2.0,,,,,,,,,0.0,,,6.0,,,,,49-037-07100,0.0,,,0.0,,,,,,,,
961,92.0,0,0.0,,,,1.0,,,,,2.0,,,,,,,,,0.0,,,5.0,,,,,49-037-07100,0.0,,,0.0,,,,,,,,
970,91.0,0,0.0,,,,2.0,,,,,0.0,,,,,,,,,0.0,,,5.0,,,,,49-037-07100,0.0,,,0.0,,,,,,,,
992,89.0,0,0.0,,,,2.0,,,,,2.0,,,,,,,,,0.0,,,5.0,,,,,49-037-07100,0.0,,,0.0,,,,,,,,
1028,90.0,0,0.0,,,,0.0,,,,,0.0,,,,,,,,,2.0,,,7.0,,,,,49-037-07100,0.0,,,1.0,,,,,,,,
4878.5,43.3,,,,,,3.3,,,,,0.0,,,,,,,,,,,,,,,,,49-037-20033,,,,,,,,,,,,
4899.0,35.7,,,,,,6.3,,,,,1.7,,,,,,,,,,,,,,,,,49-037-20033,,,,,,,,,,,,
17780.2,78.0,0.0,5.1,,,,1.0,,,,,3.1,,,,,,,,,1.6,,,2.0,,,0.5,,49-037-20132,0.0,,,,*,,,,,,,
17784.5,71.8,0.0,3.9,,,,0.0,,,,,3.1,,,,,,,,,4.1,,,3.2,,,1.1,,49-037-20132,0.0,,,,,,,,,,,
17788.1,74.0,0.0,2.6,,,,0.8,,,,,3.1,,,,,,,,,3.3,,,4.0,,,1.3,,49-037-20132,0.0,,,,,,,,,,,
17793.0,2.7,0.6,0.0,,,,1.8,,,,,2.9,,,,,,,,,18.8,,,7.4,,,27.6,,49-037-20132,8.6,,,,,,,,,,,
17794.5,45.4,0.0,0.0,,,,,,,,,2.3,,,,,,,,,3.7,,,36.9,,,0.0,,49-037-20132,2.5,,,,,,,,,,,
4632,85.0,0,6.0,,0.0,,6.0,,,,,0.0,,,,,,,,,,,,,,,0,,49-037-20392,,,,,,,,,,,,
4634,84.0,0,6.0,,0.0,,6.0,,,,,0.0,,,,,,,,,,,,0.0,,,1,,49-037-20392,,,,,,,,,,,,
4636,87.0,0,5.0,,0.0,,4.0,,,,,0.0,,,,,,,,,,,,0.0,,,0,,49-037-20392,,,,,,,,,,,,
4638,80.0,0,6.0,,0.0,,7.0,,,,,0.0,,,,,,,,,,,,0.0,,,2,,49-037-20392,,,,,,,,,,,,
4641,87.0,0,3.0,,0.0,,6.0,,,,,0.0,,,,,,,,,,,,0.0,,,1,,49-037-20392,,,,,,,,,,,,
4643,90.0,0,1.0,,0.0,,6.0,,,,,0.0,,,,,,,,,,,,0.0,,,0,,49-037-20392,,,,,,,,,,,,
4644,92.0,0,1.0,,0.0,,4.0,,,,,0.0,,,,,,,,,,,,0.0,,,0,,49-037-20392,,,,,,,,,,,,
4645,91.0,0,1.0,,0.0,,4.0,,,,,0.0,,,,,,,,,,,,0.0,,,0,,49-037-20392,,,,,,,,,,,,
4646,92.0,0,1.0,,0.0,,3.0,,,,,0.0,,,,,,,,,,,,0.0,,,0,,49-037-20392,,,,,,,,,,,,
4648,92.0,0,1.0,,0.0,,4.0,,,,,0.0,,,,,,,,,,,,0.0,,,0,,49-037-20392,,,,,,,,,,,,
4650,92.0,0,1.0,,0.0,,4.0,,,,,0.0,,,,,,,,,,,,0.0,,,0,,49-037-20392,,,,,,,,,,,,
4651,91.0,0,1.0,,0.0,,4.0,,,,,0.0,,,,,,,,,,,,0.0,,,0,,49-037-20392,,,,,,,,,,,,
4653,90.0,0,1.0,,0.0,,5.0,,,,,0.0,,,,,,,,,,,,0.0,,,0,,49-037-20392,,,,,,,,,,,,
4655,88.0,0,4.0,,0.0,,5.0,,,,,0.0,,,,,,,,,,,,0.0,,,0,,49-037-20392,,,,,,,,,,,,
4657,86.0,0,4.0,,0.0,,5.0,,,,,0.0,,,,,,,,,,,,0.0,,,1,,49-037-20392,,,,,,,,,,,,
4659,83.0,0,4.0,,0.0,,10.0,,,,,0.0,,,,,,,,,,,,0.0,,,0,,49-037-20392,,,,,,,,,,,,
4663,92.0,0,1.0,,0.0,,3.0,,,,,0.0,,,,,,,,,,,,1.0,,,0,,49-037-20392,,,,,,,,,,,,
4666,93.0,0,1.0,,0.0,,2.0,,,,,0.0,,,,,,,,,,,,0.0,,,1,,49-037-20392,,,,,,,,,,,,
4668,88.0,0,2.0,,0.0,,7.0,,,,,0.0,,,,,,,,,,,,0.0,,,0,,49-037-20392,,,,,,,,,,,,
4670,89.0,0,1.0,,0.0,,5.0,,,,,0.0,,,,,,,,,,,,0.0,,,0,,49-037-20392,,,,,,,,,,,,
4672,90.0,0,1.0,,0.0,,6.0,,,,,0.0,,,,,,,,,,,,0.0,,,0,,49-037-20392,,,,,,,,,,,,
4674,76.0,0,10.0,,0.0,,9.0,,,,,0.0,,,,,,,,,,,,0.0,,,1,,49-037-20392,,,,,,,,,,,,
4675,80.0,0,9.0,,0.0,,6.0,,,,,0.0,,,,,,,,,,,,0.0,,,1,,49-037-20392,,,,,,,,,,,,
4677,89.0,0,1.0,,0.0,,6.0,,,,,0.0,,,,,,,,,,,,1.0,,,0,,49-037-20392,,,,,,,,,,,,
4682,89.0,0,2.0,,0.0,,6.0,,,,,0.0,,,,,,,,,,,,0.0,,,0,,49-037-20392,,,,,,,,,,,,
4688,75.0,0,13.0,,0.0,,7.0,,,,,0.0,,,,,,,,,,,,0.0,,,0,,49-037-20392,,,,,,,,,,,,
4692,88.0,0,1.0,,0.0,,7.0,,,,,0.0,,,,,,,,,,,,0.0,,,0,,49-037-20392,,,,,,,,,,,,
4694,86.0,0,2.0,,0.0,,8.0,,,,,0.0,,,,,,,,,,,,0.0,,,0,,49-037-20392,,,,,,,,,,,,
4695,90.0,0,2.0,,0.0,,5.0,,,,,0.0,,,,,,,,,,,,0.0,,,0,,49-037-20392,,,,,,,,,,,,
" 8,698.5 ",47.2,4.9,0.4,3.0,0.1,,22.4,4.4,,,0.8,,17.3,,,,,,,8.0,4.8,0.2,,2.9,0.7,0.5,0.4,1.9,49-037-20846,,,,,,,,,,,,
" 8,730.4 ",38.5,19.7,1.2,2.3,0.4,,22.1,6.1,,,2.0,,14.0,,,,,,,4.1,5.5,0.5,,1.2,0.2,0.2,1.3,0.3,49-037-20846,,,,,,,,,,,,
" 8,742.0 ",47.4,4.9,1.0,3.2,1.0,,24.3,6.4,,,3.3,,14.6,,,,,,,6.6,2.2,0.9,,3.0,0.3,1.0,0.2,1.1,49-037-20846,,,,,,,,,,,,
" 8,785.2 ",30.0,1.8,7.7,2.9,0.8,,18.5,4.8,,,2.7,,11.0,,,,,,,18.5,3.9,0.0,,9.9,1.7,0.9,0.3,0.5,49-037-20846,,,,,,,,,,,,
" 8,800.1 ",41.7,3.1,3.0,2.2,2.1,,25.2,4.9,,,6.0,,14.3,,,,,,,11.4,0.9,1.6,,3.9,0.1,1.0,0.5,1.3,49-037-20846,,,,,,,,,,,,
" 9,911.3 ",55.8,2.1,1.0,2.4,0.2,,22.2,2.1,,,1.0,,19.2,,,,,,,5.0,2.9,0.5,,1.1,0.2,3.1,1.4,0.0,49-037-20846,,,,,,,,,,,,
" 9,933.0 ",36.8,2.1,5.5,3.2,0.4,,12.5,0.2,,,1.2,,11.1,,,,,,,26.4,1.2,1.5,,2.3,0.2,3.1,1.0,0.4,49-037-20846,,,,,,,,,,,,
" 9,999.9 ",38.6,2.3,27.5,3.5,1.2,,17.0,1.8,,,1.1,,14.2,,,,,,,3.5,2.4,0.4,,1.6,0.8,0.3,0.3,1.1,49-037-20846,,,,,,,,,,,,
9665,80.0,0,0.0,,0.0,,1.0,,,,,3.0,,,,,,,,,1.0,,,10.0,,,1,,49-037-20892,2.0,,,,,,,,,,,
9629.3,76.0,0,0.0,,0.0,,1.0,,,,,1.0,,,,,,,,,12.0,,,1.0,,,1,,49-037-20958,3.0,,,,,,,,,,,
9645.0,71.0,0,0.0,,1.0,,1.0,,,,,4.0,,,,,,,,,13.0,,,2.0,,,0,,49-037-20958,3.0,,,,,,,,,,,
12834,40.0,5,2.0,,0.0,,2.0,,,,,5.0,,,,,,,,,,,,,,,2,,49-037-20965,,,,,,1.0,0.0,,,,,
12843,35.0,9,4.0,,0.0,,1.0,,,,,3.0,,,,,,,,,,,,,,,2,,49-037-20965,,,,,,1.0,0.0,,,,,
13484,40.0,0,0.0,,0.0,,3.0,,,,,6.0,,,,,,,,,,,,,,,1,,49-037-20965,,,,,,0.0,0.0,,,,,
13504,39.0,0,0.0,,0.0,,3.0,,,,,7.0,,,,,,,,,,,,,,,2,,49-037-20965,,,,,,1.0,0.0,,,,,
12490,45.0,3,6.0,,0.0,,2.0,,,,,6.0,,,,,,,,,,,,,,,2,,49-037-20965,,,,,,1.0,0.0,,,,,
13180,48.0,2,1.0,,0.0,,4.0,,,,,10.0,,,,,,,,,,,,,,,2,,49-037-20965,,,,,,1.0,0.0,,,,,
13330,51.0,2,1.0,,0.0,,3.0,,,,,9.0,,,,,,,,,,,,,,,2,,49-037-20965,,,,,,1.0,0.0,,,,,
12230,45.0,6,6.0,,0.0,,3.0,,,,,7.0,,,,,,,,,,,,,,,2,,49-037-20965,,,,,,1.0,0.0,,,,,
13300,45.0,3,2.0,,0.0,,4.0,,,,,10.0,,,,,,,,,,,,,,,1,,49-037-20965,,,,,,1.0,0.0,,,,,
5050,45.0,1,3.0,,0.0,,3.0,,,,,6.0,,,,,,,,,,,,,,,2,,49-037-20965,,,,,,1.0,0.0,,,,,
5150,47.0,2,1.0,,0.0,,2.0,,,,,6.0,,,,,,,,,,,,,,,3,,49-037-20965,,,,,,1.0,0.0,,,,,
8819.0,98.0,0,0.0,,0.0,0.0,,,,,,,,,,,,,,,0.0,,,1.0,,,0,,49-037-20969,0.0,0.0,,1.0,,,,,,,,
8819.6,62.0,0,0.0,,0.0,0.0,,,,,,,,,,,,,,,0.0,,,0.0,,,1,,49-037-20969,0.0,0.0,,34.0,,,,,,,,
8958.0,88.0,0,0.0,,0.0,0.0,,,,,,,,,,,,,,,0.0,,,0.0,,,0,,49-037-20969,0.0,0.0,,12.0,,,,,,,,
8852.0,75.0,0,0.0,,0.0,0.0,,,,,,,,,,,,,,,0.0,,,0.0,,,0,,49-037-20969,1.0,0.0,,14.0,,,,,,,,
9489.0,97.0,0,0.0,,0.0,0.0,,,,,,,,,,,,,,,0.0,,,0.0,,,0,,49-037-20969,0.0,0.0,,3.0,,,,,,,,
9490.0,87.0,1,0.0,,0.0,0.0,,,,,,,,,,,,,,,0.0,,,0.0,,,0,,49-037-20969,0.0,0.0,,12.0,,,,,,,,
9534.0,98.0,0,0.0,,0.0,0.0,,,,,,,,,,,,,,,0.0,,,0.0,,,0,,49-037-20969,0.0,0.0,,2.0,,,,,,,,
9539.0,94.0,0,0.0,,0.0,0.0,,,,,,,,,,,,,,,0.0,,,0.0,,,0,,49-037-20969,0.0,0.0,,6.0,,,,,,,,
9484.8,79.0,0,0.0,,0.0,,1.0,,,,,2.0,,,,,,,,,6.0,,,2.0,,,0,,49-037-20969,5.0,,,,,,,,,,,
9561.0,75.0,0,0.0,,0.0,,1.0,,,,,2.0,,,,,,,,,9.0,,,2.0,,,0,,49-037-20969,4.0,,,,,,,,,,,
9490.8,78.0,0,0.0,0.0,0.0,,1.0,,,,,1.0,,,,,,,,,,,,1.0,,,0.0,,49-037-20986,2.0,,11.0,,,,,6.0,,,,
9489.0,97.0,0,0.0,,0.0,,0.0,,,,,0.0,,,,,,,,,,,,,,,,,49-037-20986,,,3.0,,,,,,,,,
9490.0,87.0,1,0.0,,0.0,,0.0,,,,,0.0,,,,,,,,,,,,,,,,,49-037-20986,,,12.0,,,,,,,,,
10497,73.0,0,0.0,0.0,0.0,,1.0,,,,,6.0,,,,,,,,,,,,7.0,,,1,,49-037-21002,3.0,,4.0,,,,,5.0,,,,
10505,79.0,0,0.0,0.0,0.0,,1.0,,,,,3.0,,,,,,,,,,,,8.0,,,1,,49-037-21002,3.0,,2.0,,,,,3.0,,,,
5944,84.0,2,1.0,,0.0,,5.0,,,,,2.0,,,,,,,,,,0.0,,2.0,,,0,,49-037-21098,,,,,,,,4.0,,,,
5952,82.0,2,1.0,,0.0,,9.0,,,,,2.0,,,,,,,,,,0.0,,1.0,,,0,,49-037-21098,,,,,,,,3.0,,,,
5956,80.0,4,1.0,,0.0,,5.0,,,,,1.0,,,,,,,,,,0.0,,3.0,,,0,,49-037-21098,,,,,,,,5.0,,,,
5965,89.0,3,1.0,,0.0,,3.0,,,,,0.0,,,,,,,,,,0.0,,1.0,,,0,,49-037-21098,,,,,,,,2.0,,,,
5969,88.0,3,1.0,,0.0,,3.0,,,,,1.0,,,,,,,,,,0.0,,1.0,,,0,,49-037-21098,,,,,,,,2.0,,,,
5986,93.0,2,0.0,,0.0,,1.0,,,,,0.0,,,,,,,,,,0.0,,1.0,,,0,,49-037-21098,,,,,,,,2.0,,,,
9996,74.0,0,0.0,0.0,0.0,,1.0,,,,,3.0,,,,,,,,,10.0,,,3.0,,,0,,49-037-21118,4.0,,5.0,,,,,,,,,
13109,15.0,0,,,,,5.0,,,,,,,,,,,,,,,,,30.0,,,,,49-037-21172,10.0,,40.0,,,,,,,,,
13112,20.0,0,,,,,15.0,,,,,,,,,,,,,,,,,15.0,,,,,49-037-21172,25.0,,25.0,,,,,,,,,
9232.0,80.2,0.0,0.0,,,,1.3,,,,,1.0,,,,,,,,,,,,7.3,,,Tr,,49-037-21178,1.1,,5.1,,,,,4.0,,,,
9245.3,86.9,0.0,0.0,,,,1.1,,,,,1.6,,,,,,,,,,,,0.9,,,0.5,,49-037-21178,2.1,,4.6,,,,,2.3,,,,
9262.2,88.9,0.0,0.0,,,,1.4,,,,,3.6,,,,,,,,,,,,0.8,,,Tr,,49-037-21178,2.2,,2.2,,,,,0.9,,,,
9266.6,87.5,2.4,0.0,,,,1.6,,,,,5.5,,,,,,,,,,,,0.0,,,Tr,,49-037-21178,1.3,,1.1,,,,,0.6,,,,
9273.7,53.8,0.6,0.8,,,,2.1,,,,,6.4,,,,,,,,,,,,0.0,,,0.9,,49-037-21178,4.2,,23.4,,,,,7.8,,,,
9277.4,50.4,0.5,1.1,,,,1.8,,,,,6.9,,,,,,,,,,,,0.0,,,1.8,,49-037-21178,2.5,,14.2,,,,,17.9,,,,
9281.4,39.1,0.0,2.2,,,,1.0,,,,,7.2,,,,,,,,,,,,0.0,,,2.5,,49-037-21178,1.8,,23.7,,,,,21.9,,,,
9284.8,67.2,2.3,0.7,,,,1.8,,,,,9.3,,,,,,,,,,,,0.0,,,1.7,,49-037-21178,1.6,,7.2,,,,,8.2,,,,
9298.2,26.5,0.8,0.0,,,,3.1,,,,,6.1,,,,,,,,,,,,0.0,,,Tr,,49-037-21178,0.8,,59.0,,,,,3.7,,,,
9308.2,43.5,0.7,0.0,,,,1.6,,,,,8.3,,,,,,,,,,,,0.6,,,1,,49-037-21178,2.2,,36.8,,,,,5.3,,,,
9313.0,47.4,0.9,0.0,,,,1.0,,,,,8.2,,,,,,,,,,,,1.6,,,5.1,,49-037-21178,2.3,,28.7,,,,,4.8,,,,
9318.7,79.6,9.2,0.0,,,,1.5,,,,,7.0,,,,,,,,,,,,0.0,,,Tr,,49-037-21178,0.0,,2.7,,,,,0.0,,,,
9329.2,64.3,14.5,1.5,,,,1.9,,,,,10.5,,,,,,,,,,,,0.0,,,0.7,,49-037-21178,1.4,,4.1,,,,,1.1,,,,
9330.3,38.5,8.5,3.3,,,,2.3,,,,,8.7,,,,,,,,,,,,0.0,,,0.8,,49-037-21178,1.7,,26.7,,,,,8.6,,,,
9336.4,49.0,2.1,3.0,,,,2.6,,,,,10.1,,,,,,,,,,,,0.0,,,1.3,,49-037-21178,2.3,,24.6,,,,,5.0,,,,
9663.5,71.0,1,0.0,0.0,0.0,,2.0,,,,,7.0,,,,,,,,,9.0,,,4.0,,,1,,49-037-21347,3.0,,2.0,,,,,,,,,
9712.0,81.0,0,0.0,0.0,0.0,,1.0,,,,,1.0,,,,,,,,,9.0,,,2.0,,,0,,49-037-21347,3.0,,3.0,,,,,,,,,
9911.3,55.835,2.1,1.0,2.35,0.2,,22.22,2.05,,,,,19.2,,,,,0.97,,4.95,2.9,0.515,2.175,1.1,0.16,3.1,1.4,0.0,49-037-21415,,,,,,,,,,,,
9933.0,36.77,2.12,5.45,3.2,0.4,,12.48,0.23,,,,,11.05,,,,,1.2,,26.4,1.15,1.45,3.7,2.295,0.15,3.05,1.025,0.4,49-037-21415,,,,,,,,,,,,
9999.9,38.555,2.295,27.45,3.5,1.215,,16.95,1.75,,,,,14.15,,,,,1.05,,3.5,2.35,0.445,0.145,1.6,0.835,0.345,0.3,1.075,49-037-21415,,,,,,,,,,,,
8600.2,46.89,3.7,1.6,2.65,0.77,,22.77,4.22,,,,,16.0,,,,,2.55,,7.5,6.5,0.225,3.42,1.875,0.45,0.4,0.34,0.1,49-037-21422,,,,,,,,,,,,
8606.3,27.53,7.7,23.95,10.05,0.5,,14.4,2.4,,,,,4.9,,,,,7.1,,4.5,4.5,1.155,0.6,0.435,0.7,2.15,1.1,1.0,49-037-21422,,,,,,,,,,,,
10388.5,35.0,0.3,6.7,,,,1.9,,,,,14.2,,,,,,,,,,,,0.0,,,0.9,,49-037-21429,10.0,,9.5,,,,,21.5,,,,
10398.5,39.8,0.5,9.6,,,,3.0,,,,,13.3,,,,,,,,,,,,0.0,,,2.0,,49-037-21429,7.8,,9.7,,,,,14.3,,,,
10417.0,38.8,1.1,9.4,,,,2.7,,,,,13.1,,,,,,,,,,,,0.0,,,2.1,,49-037-21429,7.1,,10.5,,,,,15.1,,,,
10439.5,39.5,2.1,10.0,,,,2.3,,,,,11.2,,,,,,,,,,,,0.0,,,0.9,,49-037-21429,10.2,,11.0,,,,,12.8,,,,
12409.0,92.04,0.0,0.0,,0.67,,1.04,,,,,1.04,,,,,,,,,2.5,,,0.83,,,0.62,,49-037-21434,1.25,,,,,,,,0.0,0.0,,
12475.8,91.6,0.63,0.0,,0.67,,1.47,,,,,1.05,,,,,,,,,2.1,,,0.63,,,0.42,,49-037-21434,1.26,,,,,,,,0.16,0.0,,
12495.5,96.43,0.0,0.0,,0.34,,0.65,,,,,0.65,,,,,,,,,0.86,,,0.43,,,0.22,,49-037-21434,0.43,,,,,,,,0.0,0.0,,
12630.0,97.61,0.0,0.0,,0.97,,0.0,,,,,0.0,,,,,,,,,1.01,,,0.0,,,0.41,,49-037-21434,0.0,,,,,,,,0.0,0.0,,
12704.2,95.58,0.0,0.0,,1.26,,0.0,,,,,0.0,,,,,,,,,1.18,,,0.59,,,0.59,,49-037-21434,0.79,,,,,,,,0.0,0.0,,
13429.3,76.76,0.0,6.05,,1.51,,1.7,,,,,3.4,,,,,,,,,3.21,,,0.94,,,0.94,,49-037-21434,1.32,,,,,,,,1.13,3.02,,
10744.0,52.645,3.07,,4.2,0.17,,20.9,5.1,,,,,14.9,,,,,0.9,,4.95,5.6,0.6,2.05,2.7,0.1,1.35,0.6,0.09,49-037-21476,,,,,,,,,,,,
10760.5,49.82,2.765,,6.1,0.3,,19.5,2.85,,,,,13.25,,,,,3.4,,9.0,4.3,0.375,3.04,0.615,0.2,1.37,0.16,1.6,49-037-21476,,,,,,,,,,,,
10791.0,51.245,2.91,,3.16,0.15,,22.95,6.9,,,,,14.0,,,,,2.05,,7.65,0.05,0.525,2.55,2.45,0.22,1.5,0.435,3.0,49-037-21476,,,,,,,,,,,,
10175.0,30.1,1,,,,,1.5,,,,,9.5,,,,,,,,,21.4,,,0.0,,,1.7,,49-037-21476,1.1,,29.5,,,,,,,,4.2,
10180.0,53.7,1.3,,,,,5.6,,,,,21.0,,,,,,,,,0.0,,,0.0,,,0.5,,49-037-21476,0.0,,0.0,,,,,,,,5.9,
10412.0,58.2,3.4,,,,,5.5,,,,,15.5,,,,,,,,,2.7,,,0.0,,,0.0,,49-037-21476,1.2,,8.7,,,,,,,,4.8,
10476.0,26.0,0.9,,,,,2.4,,,,,8.0,,,,,,,,,16.4,,,0.0,,,4.7,,49-037-21476,1.4,,36.5,,,,,,,,3.7,
10496.0,59.9,1.6,,,,,3.0,,,,,17.9,,,,,,,,,3.1,,,0.0,,,0.0,,49-037-21476,0.7,,10.4,,,,,,,,3.4,
10750.0,55.3,2.3,,,,,7.5,,,,,18.7,,,,,,,,,0.0,,,0.0,,,0.0,,49-037-21476,0.0,,0.0,,,,,,,,4.8,
12790.0,62.8,3.2,,,,,3.2,,,,,7.4,,,,,,,,,1.5,,,0.0,,,0.0,,49-037-21476,0.0,,11.5,,,,,,,,10.4,
13284.0,72.3,3.1,,,,,5.2,,,,,9.6,,,,,,,,,1.2,,,0.0,,,0.0,,49-037-21476,0.6,,4.5,,,,,,,,3.5,
,,,,,,,,,,,,,,,,,,,,,,,,,,,,,49-037-21476,,,,,,,,,,,,
,,,,,,,,,,,,,,,,,,,,,,,,,,,,,49-037-21476,,,,,,,,,,,,
,,,,,,,,,,,,,,,,,,,,,,,,,,,,,49-037-21476,,,,,,,,,,,,
,,,,,,,,,,,,,,,,,,,,,,,,,,,,,49-037-21476,,,,,,,,,,,,
,,,,,,,,,,,,,,,,,,,,,,,,,,,,,49-037-21476,,,,,,,,,,,,
,,,,,,,,,,,,,,,,,,,,,,,,,,,,,49-037-21476,,,,,,,,,,,,
,,,,,,,,,,,,,,,,,,,,,,,,,,,,,49-037-21476,,,,,,,,,,,,
,,,,,,,,,,,,,,,,,,,,,,,,,,,,,49-037-21476,,,,,,,,,,,,
,,,,,,,,,,,,,,,,,,,,,,,,,,,,,49-037-21476,,,,,,,,,,,,
,,,,,,,,,,,,,,,,,,,,,,,,,,,,,49-037-21476,,,,,,,,,,,,
,,,,,,,,,,,,,,,,,,,,,,,,,,,,,49-037-21476,,,,,,,,,,,,
,,,,,,,,,,,,,,,,,,,,,,,,,,,,,49-037-21476,,,,,,,,,,,,
,,,,,,,,,,,,,,,,,,,,,,,,,,,,,49-037-21476,,,,,,,,,,,,
,,*Two dolomite columns combined,,,,,,,,,,,,,,,,,,,,,,,,,,,49-037-21476,,,,,,,,,,,,
10127.5,96.8,0,0.0,,0.0,,,,,,,0.0,,,,,,,,,1.0,,,2.3,,,0,,49-037-21615,0.0,0.0,,,,,,,,,,
10151.2,97.1,0,0.0,,0.0,,,,,,,0.0,,,,,,,,,1.3,,,1.6,,,0,,49-037-21615,0.0,0.0,,,,,,,,,,
10169.4,97.7,0,0.0,,0.0,,,,,,,0.0,,,,,,,,,1.3,,,1.0,,,0,,49-037-21615,0.0,0.0,,,,,,,,,,
10952.1,54.93,1.43,0.5,0.625,0.115,,,4.27,,,,,19.7,,,,,,,6.2,2.3,0.255,3.75,0.965,0.325,2.35,0.19,1.4,49-037-21637,,,,,,,,,,,,
10965.2,57.295,2.455,0.25,0.5,0.11,,,8.8,,,,,15.25,,,,,,,6.2,0.5,0.375,1.5,2.7,0.05,2.6,0.145,0.55,49-037-21637,,,,,,,,,,,,
11252.2,50.83,0.32,3.925,2.8,0.01,,,0.6,,,,,16.7,,,,,,,9.3,0.6,0.48,2.235,3.75,0.35,4.05,0.1,0.7,49-037-21637,,,,,,,,,,,,
11292.6,48.66,1.365,3.2,2.915,0.55,,,1.25,,,,,18.55,,,,,,,11.7,3.95,0.18,0.555,1.75,0.45,0.65,1.345,0.765,49-037-21637,,,,,,,,,,,,
11300.3,48.935,4.52,0.55,3.92,0.405,,,1.25,,,,,18.35,,,,,,,6.45,1.6,1.4,1.35,3.2,0.35,1.14,0.92,0.55,49-037-21637,,,,,,,,,,,,
11311.5,44.595,1.95,9.5,2.75,0.13,,,1.3,,,,,13.15,,,,,,,14.3,0.85,0.20115,4.0,0.945,1.25,1.5,2.195,0.615,49-037-21637,,,,,,,,,,,,
13281.6,55.635,1.925,4.58,9.55,0.008,,17.49,9.25,,,,,2.99,,,,,5.25,,5.2,0.0,0.85,0.605,0.14,0.05,1.1,0.555,2.395,49-037-21922,,,,,,,,,,,,
13313.5,64.505,5.78,3.8,0.8,0.065,,15.22,3.15,,,,,7.25,,,,,4.82,,4.7,0.8,0.335,0.225,1.45,0.15,1.245,0.48,0.18,49-037-21922,,,,,,,,,,,,
10175.0,30.1,1.0,1.9,,0.0,,1.5,,,,,9.5,,,,,,,,,,,,0.0,,,1.7,,49-037-21922,1.1,21.4,29.5,,,,,,,,,
10180.0,53.7,1.3,3.5,,0.0,,5.6,,,,,21.0,,,,,,,,,,,,0.0,,,0.5,,49-037-21922,0.0,0.0,0.0,,,,,,,,,
10412.0,58.2,3.4,3.4,,0.0,,5.5,,,,,15.5,,,,,,,,,,,,0.0,,,0.0,,49-037-21922,1.2,2.7,8.7,,,,,,,,,
10476.0,26.0,0.9,2.1,,0.0,,2.4,,,,,8.0,,,,,,,,,,,,0.0,,,4.7,,49-037-21922,1.4,16.4,36.5,,,,,,,,,
10496.0,59.9,1.6,2.3,,0.0,,3.0,,,,,17.9,,,,,,,,,,,,0.0,,,0.0,,49-037-21922,0.7,3.1,10.4,,,,,,,,,
10750.0,55.3,2.3,3.4,,0.0,,7.5,,,,,18.7,,,,,,,,,,,,0.0,,,0.0,,49-037-21922,0.0,0.0,0.0,,,,,,,,,
12790.0,62.8,3.2,4.4,,0.0,,3.2,,,,,7.4,,,,,,,,,,,,0.0,,,0.0,,49-037-21922,0.0,1.5,11.5,,,,,,,,,
13284.0,72.3,3.1,2.5,,0.0,,5.2,,,,,9.6,,,,,,,,,,,,0.0,,,0.0,,49-037-21922,0.6,1.2,4.5,,,,,,,,,
8140.0,44.0,11,10.0,,,,5.0,,,,,13.0,,,,,,,,,13.0,,,0.0,,,0,,49-037-21927,5.0,,,,,,,,,,,
11282.5,49.0,0,0.0,,,,3.0,,,,,0.0,,,,,,,,,22.0,,,24.0,,,0,,49-037-21927,3.0,,,,,,,,,,,
17165.5,50.0,0,20.0,,,,5.0,,,,,10.0,,,,,,,,,13.0,,,0.0,,,0,,49-037-21927,5.0,,,,,,,,,,,
17176.0,48.0,5,18.0,,,,5.0,,,,,12.0,,,,,,,,,11.0,,,0.0,,,0,,49-037-21927,5.0,,,,,,,,,,,
17182.5,50.0,3,15.0,,,,3.0,,,,,10.0,,,,,,,,,14.0,,,0.0,,,0,,49-037-21927,7.0,,,,,,,,,,,
17962.0,40.0,8,13.0,,,,0.0,,,,,9.0,,,,,,,,,24.0,,,0.0,,,0,,49-037-21927,5.0,,,,,,,,,,,
18640.0,38.0,8,5.0,,,,0.0,,,,,8.0,,,,,,,,,29.0,,,12.0,,,0,,49-037-21927,0.0,,,,,,,,,,,
13260.0,45.0,8,9.0,,,,0.0,,,,,9.0,,,,,,,,,21.0,,,5.0,,,0,,49-037-21927,5.0,,,,,,,,,,,
16810.0,37.0,5,6.0,,,,0.0,,,,,7.0,,,,,,,,,32.0,,,0.0,,,0,,49-037-21927,10.0,,,,,,,,,,,
12010.0,47.0,5,8.0,,,,3.0,,,,,6.0,,,,,,,,,18.0,,,12.0,,,0,,49-037-21927,5.0,,,,,,,,,,,
14370.0,37.0,10,10.0,,,,0.0,,,,,10.0,,,,,,,,,22.0,,,5.0,,,1,,49-037-21927,5.0,,,,,,,,,,,
5915.0,35.0,6,3.0,,,,5.0,,,,,5.0,,,,,,,,,28.0,,,0.0,,,0,,49-037-21927,17.0,,,,,,,,,,,
7820.0,33.0,5,0.0,,,,7.0,,,,,9.0,,,,,,,,,30.0,,,0.0,,,0,,49-037-21927,13.0,,,,,,,,,,,
5026.9,49.0,11,12.0,,,,3.0,,,,,16.0,,,,,,,,,3.0,,,8.0,,,0,,49-037-21927,0.0,,,,,,,,,,,
5032.0,50.0,5,12.0,,,,5.0,,,,,15.0,,,,,,,,,10.0,,,5.0,,,0,,49-037-21927,0.0,,,,,,,,,,,
2052.0,42.0,9,13.0,,,,5.0,,,,,13.0,,,,,,,,,10.0,,,7.0,,,1,,49-037-21927,0.0,,,,,,,,,,,
5058.0,43.0,8,14.0,,,,6.0,,,,,13.0,,,,,,,,,8.0,,,8.0,,,0,,49-037-21927,0.0,,,,,,,,,,,
5070.0,42.0,8,11.0,,,,6.0,,,,,13.0,,,,,,,,,10.0,,,6.0,,,0,,49-037-21927,5.0,,,,,,,,,,,
5079.2,33.0,26,8.0,,,,6.0,,,,,14.0,,,,,,,,,5.0,,,5.0,,,0,,49-037-21927,5.0,,,,,,,,,,,
5084.8,41.0,8,13.0,,,,6.0,,,,,13.0,,,,,,,,,11.0,,,5.0,,,0,,49-037-21927,5.0,,,,,,,,,,,
4542.7,42.0,3,20.0,,,,7.0,,,,,16.0,,,,,,,,,5.0,,,5.0,,,1,,49-037-21927,5.0,,,,,,,,,,,
4584.5,37.0,8,12.0,,,,5.0,,,,,9.0,,,,,,,,,18.0,,,5.0,,,2,,49-037-21927,5.0,,,,,,,,,,,
4955.3,42.0,5,16.0,,,,5.0,,,,,16.0,,,,,,,,,13.0,,,0.0,,,0,,49-037-21927,5.0,,,,,,,,,,,
4974.8,42.0,8,12.0,,,,5.0,,,,,11.0,,,,,,,,,13.0,,,0.0,,,1,,49-037-21927,6.0,,,,,,,,,,,
7535.0,34.0,6,7.0,,,,5.0,,,,,7.0,,,,,,,,,30.0,,,0.0,,,0,,49-037-21927,7.0,,,,,,,,,,,
8835.0,36.0,8,5.0,,,,5.0,,,,,10.0,,,,,,,,,27.0,,,0.0,,,1,,49-037-21927,0.0,,,,,,,,,,,
11115.0,44.0,5,8.0,,,,5.0,,,,,5.0,,,,,,,,,24.0,,,3.0,,,0,,49-037-21927,7.0,,,,,,,,,,,
14110.0,37.0,5,9.0,,,,3.0,,,,,7.0,,,,,,,,,29.0,,,5.0,,,0,,49-037-21927,5.0,,,,,,,,,,,
11570.0,47.0,5,23.0,,,,0.0,,,,,7.0,,,,,,,,,15.0,,,0.0,,,0,,49-037-21927,5.0,,,,,,,,,,,
15230.5,70.0,5,0.0,,,,0.0,,,,,8.0,,,,,,,,,13.0,,,0.0,,,1,,49-037-21927,5.0,,,,,,,,,,,
17180.0,37.0,12,11.0,,,,0.0,,,,,12.0,,,,,,,,,17.0,,,0.0,,,1,,49-037-21927,10.0,,,,,,,,,,,
20410.0,41.0,0,3.0,,,,0.0,,,,,8.0,,,,,,,,,27.0,,,0.0,,,1,,49-037-21927,17.0,,,,,,,,,,,
13470.0,35.0,16,7.0,,,,0.0,,,,,12.0,,,,,,,,,19.0,,,0.0,,,1,,49-037-21927,10.0,,,,,,,,,,,
14235.0,35.0,6,6.0,,,,0.0,,,,,8.0,,,,,,,,,28.0,,,0.0,,,0,,49-037-21927,13.0,,,,,,,,,,,
15615.0,60.0,5,5.0,,,,0.0,,,,,6.0,,,,,,,,,17.0,,,0.0,,,1,,49-037-21927,6.0,,,,,,,,,,,
9972.3,25.0,0,0.0,0.0,0.0,,1.0,,,,,3.0,,,,,,,,0.0,,,,0.0,3.0,0.0,0,,49-037-22517,,,,,,,,,,,,
9975.8,28.0,5,0.0,1.0,0.0,,0.0,,,,,1.0,,,,,,,,2.0,,,,0.0,1.0,0.0,0,,49-037-22517,,,,,,,,,,,,
10110,73.0,0,0.0,0.0,0.0,,1.0,,,,,7.0,,,,,,,,,8.0,,,6.0,,,1,,49-037-22522,4.0,,,,,,,,,,,
10142,84.0,1,0.0,0.0,0.0,,1.0,,,,,1.0,,,,,,,,,9.0,,,1.0,,,1,,49-037-22522,2.0,,,,,,,,,,,
10180,78.0,0,0.0,0.0,1.0,,1.0,,,,,4.0,,,,,,,,,11.0,,,2.0,,,1,,49-037-22522,2.0,,,,,,,,,,,
10593,86.0,0,0.0,0.0,0.0,,1.0,,,,,1.0,,,,,,,,,3.0,,,3.0,,,0,,49-037-22540,2.0,,4.0,,,,,,,,,
10619,78.0,0,0.0,0.0,0.0,,1.0,,,,,3.0,,,,,,,,,5.0,,,4.0,,,0,,49-037-22540,3.0,,6.0,,,,,,,,,
10087.0,91.0,1,,,,,,,,,,8.0,,,,,,,,,,,,,,,0,,49-037-22972,,,,,,,,,,,,
10097.8,91.0,1,,,,,,,,,,8.0,,,,,,,,,,,,,,,0,,49-037-22972,,,,,,,,,,,,
10106.7,90.0,1,,,,,,,,,,9.0,,,,,,,,,,,,,,,0,,49-037-22972,,,,,,,,,,,,
10116.2,90.0,1,,,,,,,,,,9.0,,,,,,,,,,,,,,,0,,49-037-22972,,,,,,,,,,,,
9348,70.0,2,,1.0,,,,,,,,6.0,,,,,,,,,21.0,,,,,,,,49-037-23152,,,,,,,,,,,,
9353,74.0,1,,1.0,,,,,,,,5.0,,,,,,,,,19.0,,,,,,,,49-037-23152,,,,,,,,,,,,
9359,76.0,1,,1.0,,,,,,,,5.0,,,,,,,,,17.0,,,,,,,,49-037-23152,,,,,,,,,,,,
9385,70.0,1,,1.0,,,,,,,,6.0,,,,,,,,,22.0,,,,,,,,49-037-23152,,,,,,,,,,,,
10147.0,86.0,0,0.0,,0.0,,1.0,,,,,1.0,,,,,,,,,6.0,,,0.0,,,1,,49-037-23168,3.0,,2.0,,,,,,,,,
10148.8,78.0,0,6.0,,0.0,,1.0,,,,,1.0,,,,,,,,,8.0,,,0.0,,,1,,49-037-23168,3.0,,2.0,,,,,,,,,
10215.0,79.0,0,0.0,,0.0,,1.0,,,,,1.0,,,,,,,,,11.0,,,0.0,,,1,,49-037-23168,4.0,,3.0,,,,,,,,,
10225.0,76.0,0,0.0,,0.0,,1.0,,,,,2.0,,,,,,,,,11.0,,,0.0,,,1,,49-037-23168,5.0,,4.0,,,,,,,,,
9987.3,41.6,1.4,7.8,,0.0,,0.0,,,,,11.2,,,,,,,,,15.1,,,0.0,,,3.9,,49-037-23244,6.5,,,,,,,,,,,
" 9,393.5 ",44.5,16.8,0.0,0.7,1.0,,23.2,5.0,,,,,15.4,,,,,2.9,,4.5,0.3,0.9,0.6,3.7,0.3,1.3,1.6,0.7,49-037-23253,,,,,,,,,,,,
" 9,395.1 ",59.0,0.8,0.0,0.2,0.0,,22.3,0.5,,,,,21.1,,,,,0.8,,7.5,1.8,0.2,1.2,1.8,0.2,2.3,0.2,2.5,49-037-23253,,,,,,,,,,,,
8072.3,27.7,6.2,2.3,,1.4,,2.1,,,,,11.5,,,,,,,,,17.4,,,3.7,,,5.7,,49-037-23293,6.6,,,,,,,,,,,
8073.6,27.2,6.6,2.9,,1.3,,2.4,,,,,9.8,,,,,,,,,16.6,,,4.8,,,5.3,,49-037-23293,5.2,,,,,,,,,,,
8093.0,24.5,18.0,2.2,,0.0,,1.7,,,,,9.3,,,,,,,,,13.5,,,3.0,,,9.1,,49-037-23293,3.9,,,,,,,,,,,
8094.3,22.1,26.0,2.2,,0.0,,1.4,,,,,8.0,,,,,,,,,11.0,,,2.7,,,5.4,,49-037-23293,3.7,,,,,,,,,,,
8102.0,28.5,4.6,2.8,,2.2,,1.7,,,,,10.8,,,,,,,,,16.8,,,3.1,,,4.7,,49-037-23293,6.0,,,,,,,,,,,
8110.1,28.2,5.1,2.4,,1.0,,1.8,,,,,10.2,,,,,,,,,13.4,,,1.9,,,6.6,,49-037-23293,5.2,,,,,,,,,,,
8140.0,31.5,1.7,2.3,,0.0,,2.8,,,,,10.0,,,,,,,,,14.5,,,0.8,,,7.0,,49-037-23293,4.0,,,,,,,,,,,
8148.0,26.8,10.7,2.3,,0.0,,1.3,,,,,9.5,,,,,,,,,9.9,,,0.8,,,5.0,,49-037-23293,3.1,,,,,,,,,,,
8165.5,30.3,0.6,3.4,,1.3,,2.4,,,,,9.0,,,,,,,,,16.4,,,3.9,,,4.4,,49-037-23293,5.3,,,,,,,,,,,
8182.1,29.9,0.6,2.4,,3.0,,1.9,,,,,10.1,,,,,,,,,17.6,,,4.1,,,3.2,,49-037-23293,6.3,,,,,,,,,,,
7771.0,32.1,3.4,4.3,,1.2,,2.0,,,,,8.7,,,,,,,,,18.9,,,2.8,,,4.8,,49-037-23293,6.6,,,,,,,,,,,
7795.0,39.6,2.4,9.5,,0.0,,3.1,,,,,14.0,,,,,,,,,11.7,,,4.0,,,0.4,,49-037-23293,8.2,,,,,,,,,,,
7807.0,47.1,2.6,6.2,,0.0,,2.9,,,,,15.5,,,,,,,,,7.7,,,2.7,,,0.4,,49-037-23293,9.9,,,,,,,,,,,
7811.0,43.1,1.9,7.6,,0.0,,3.5,,,,,14.0,,,,,,,,,11.5,,,1.7,,,0.4,,49-037-23293,7.6,,,,,,,,,,,
7823.0,45.7,2.4,6.8,,0.0,,4.1,,,,,14.4,,,,,,,,,11.2,,,2.8,,,0.7,,49-037-23293,6.0,,,,,,,,,,,
7829.0,36.5,2.5,10.2,,0.0,,2.2,,,,,13.3,,,,,,,,,15.7,,,2.5,,,0.7,,49-037-23293,9.6,,,,,,,,,,,
7830.0,54.0,6.5,4.2,,0.0,,3.0,,,,,13.6,,,,,,,,,4.4,,,6.9,,,0.5,,49-037-23293,3.9,,,,,,,,,,,
7836.0,31.7,1.7,5.4,,0.0,,3.1,,,,,13.1,,,,,,,,,20.7,,,3.9,,,2.5,,49-037-23293,7.3,,,,,,,,,,,
7839.0,28.0,2.0,2.6,,0.0,,3.1,,,,,12.4,,,,,,,,,19.1,,,4.4,,,4.8,,49-037-23293,6.0,,,,,,,,,,,
7843.0,44.0,4.6,3.5,,0.0,,6.3,,,,,15.7,,,,,,,,,9.4,,,2.0,,,1.1,,49-037-23293,3.3,,,,,,,,,,,
7849.0,29.6,3.4,3.1,,0.0,,2.0,,,,,12.7,,,,,,,,,18.2,,,2.8,,,5.3,,49-037-23293,6.7,,,,,,,,,,,
7855.0,48.6,2.2,5.1,,3.8,,5.1,,,,,15.1,,,,,,,,,9.9,,,1.1,,,0.6,,49-037-23293,4.7,,,,,,,,,,,
7856.0,24.0,10.3,2.8,,0.0,,1.3,,,,,9.3,,,,,,,,,16.5,,,4.0,,,11.1,,49-037-23293,4.5,,,,,,,,,,,
10388.5,35.0,0.3,6.7,,0.0,,1.9,,,,,14.2,,,,,,,,,21.5,,,0.0,,,0.9,,49-037-23293,10.0,,,,,,,,,,,
10398.5,39.8,0.5,9.6,,0.0,,3.0,,,,,13.3,,,,,,,,,14.3,,,0.0,,,2.0,,49-037-23293,7.8,,,,,,,,,,,
10417.0,38.8,1.1,9.4,,0.0,,2.7,,,,,13.1,,,,,,,,,15.1,,,0.0,,,2.1,,49-037-23293,7.1,,,,,,,,,,,
10439.5,39.5,2.1,10.0,,0.0,,2.3,,,,,11.2,,,,,,,,,12.8,,,0.0,,,0.9,,49-037-23293,10.2,,,,,,,,,,,
910.0,50.0,24.6,2.3,,0.0,,3.7,,,,,8.3,,,,,,,,,3.3,,,2.4,,,0.5,,49-037-23293,0.3,,,,,,,,,,,
914.0,49.9,3.0,6.3,,0.0,,4.1,,,,,8.2,,,,,,,,,8.9,,,3.6,,,3.4,,49-037-23293,0.8,,,,,,,,,,,
918.0,30.7,1.1,3.9,,0.0,,2.4,,,,,7.6,,,,,,,,,16.0,,,3.7,,,10.6,,49-037-23293,4.7,,,,,,,,,,,
923.0,26.0,2.5,4.0,,0.0,,3.0,,,,,8.9,,,,,,,,,16.5,,,4.0,,,9.5,,49-037-23293,3.6,,,,,,,,,,,
1594.0,25.7,2.2,1.3,,0.0,,4.7,,,,,10.1,,,,,,,,,14.9,,,3.4,,,3.7,,49-037-23293,4.7,,,,,,,,,,,
9987.3,41.6,1.4,7.8,,0.0,,0.0,,,,,11.2,,,,,,,,,15.1,,,0.0,,,3.9,,49-037-23293,6.5,,,,,,,,,,,
9927.6,10.4,0.0,4.8,,0.0,,0.6,,,,,10.4,,,,,,,,,31.4,,,2.4,,,5.3,,49-037-23293,5.6,,,,,,,,,,,
9944.9,39.7,0.9,5.6,,0.0,,0.0,,,,,11.5,,,,,,,,,16.0,,,0.0,,,3.4,,49-037-23293,6.3,,,,,,,,,,,
13534.6,65.58,1.935,0.035,0.415,0.005,,,3.3,,,,,14.4,,,,,,,4.65,0.775,0.5,2.05,1.24,0.1,2.5,0.44,0.6135,49-037-23472,,,,,,,,,,,,
13555.5,64.015,1.24,1.105,0.245,0.1,,,1.725,,,,,16.15,,,,,,,6.05,0.1,1.05,1.9,1.15,0.0,3.25,0.65,0.505,49-037-23472,,,,,,,,,,,,
10539.5,71.0,0,0.0,0.0,0.0,,1.0,,,,,1.0,,,,,,,,,11.0,,,1.0,0.0,,1,,49-037-23584,2.0,,,,,,,,,,,
10555.5,71.0,6,0.0,0.0,0.0,,1.0,,,,,4.0,,,,,,,,,6.0,,,1.0,0.0,,1,,49-037-23584,3.0,,,,,,,,,,,
10522.0,56.0,0,0.0,0.0,0.0,,0.0,,,,,0.0,,,,,,,,0.0,,,,0.0,0.0,0.0,0,,49-037-23584,,,,,,,,,,,,
10535.5,57.0,0,0.0,0.0,0.0,,2.0,,,,,7.0,,,,,,,,0.0,,,,0.0,0.0,0.0,0,,49-037-23584,,,,,,,,,,,,
10539.5,45.0,0,0.0,0.0,0.0,,1.0,,,,,4.0,,,,,,,,0.0,,,,0.0,0.0,0.0,0,,49-037-23584,,,,,,,,,,,,
10542.1,48.0,0,0.0,0.0,0.0,,0.0,,,,,1.0,,,,,,,,0.0,,,,0.0,0.0,0.0,1,,49-037-23584,,,,,,,,,,,,
10564.0,54.0,22,0.0,0.0,0.0,,0.0,,,,,0.0,,,,,,,,0.0,,,,,0.0,0.0,0,,49-037-23584,,,,,,,,,,,,
10627.5,78.0,13.0,,,,,,,,,,3.0,,,,,,,,,,,,0.3,,,,,49-037-23786,2.0,,,,,,,,,,,
10814.4,50.0,,,,,,,,,,,42.0,,,,,,,,,,,,4.0,,,,,49-037-23786,,,,,,,,,,,,
10819.3,59.0,,,,,,,,,,,25.0,,,,,,,,,,,,1.0,,,,,49-037-23786,3.0,,,,,,,,,,,
10824.6,43.0,,5.0,,,,1.0,,,,,12.0,,,,,,,,,,,,2.0,,,,,49-037-23786,5.0,,,,,,,,,,,
10827.6,50.0,7.0,,,,,2.0,,,,,23.0,,,,,,,,,,,,1.0,,,,,49-037-23786,4.0,,,,,,,,,,,
10588.2,75.0,,,,0.0,,1.0,,,,,2.0,,,,,,,,,8.0,,,4.0,,,1.0,,49-037-23786,,,,,,,,,,,,
10614.3,74.0,,,,2.0,,1.0,,,,,4.0,,,,,,,,,7.0,,,3.0,,,3.0,,49-037-23786,,,,,,,,,,,,
10571.5,36.0,0.0,,13.0,,,2.0,,,,,6.0,,,,,,,,1.0,,,,0.0,7.0,,1.0,,49-037-23786,,,,,,,,,,,,
10581.3,34.0,8.0,,7.0,,,1.0,,,,,6.0,,,,,,,,0.0,,,,,7.0,,1.0,,49-037-23786,,,,,,,,,,,,
10588.2,44.0,3.0,,,,,0.0,,,,,0.0,,,,,,,,,,,,,1.0,,1.0,,49-037-23786,,,,,,,,,,,,
10597.8,23.0,0.0,,,,,,,,,,,,,,,,,,,,,,,0.0,,,,49-037-23786,,,,,,,,,,,,
10614.3,54.0,2.0,,,,,0.0,,,,,0.0,,,,,,,,1.0,,,,0.0,0.0,,0.0,,49-037-23786,,,,,,,,,,,,
10175,30.0,1.0,,,0.0,,2.0,,,,,10.0,,,,,,,,,21.0,,,0.0,,,2.0,,49-037-26167,1.0,,,,,,,,,,4.0,
10180,54.0,1.0,,,0.0,,6.0,,,,,21.0,,,,,,,,,0.0,,,0.0,,,1.0,,49-037-26167,0.0,,,,,,,,,,6.0,
10412,58.0,3.0,,,0.0,,6.0,,,,,16.0,,,,,,,,,3.0,,,0.0,,,0.0,,49-037-26167,1.0,,,,,,,,,,4.0,
10476,26.0,1.0,,,0.0,,2.0,,,,,8.0,,,,,,,,,16.0,,,0.0,,,5.0,,49-037-26167,1.0,,,,,,,,,,4.0,
10496,60.0,2.0,,,0.0,,3.0,,,,,18.0,,,,,,,,,3.0,,,0.0,,,0.0,,49-037-26167,1.0,,,,,,,,,,3.0,
10750,55.0,2.0,,,0.0,,8.0,,,,,19.0,,,,,,,,,0.0,,,0.0,,,0.0,,49-037-26167,0.0,,,,,,,,,,4.0,
12790,63.0,3.0,,,0.0,,3.0,,,,,7.0,,,,,,,,,2.0,,,0.0,,,0.0,,49-037-26167,0.0,,,,,,,,,,10.0,
13284,72.0,3.0,,,0.0,,5.0,,,,,10.0,,,,,,,,,1.0,,,0.0,,,0.0,,49-037-26167,1.0,,,,,,,,,,4.0,
,,,,,,,,,,,,,,,,,,,,,,,,,,,,,49-037-26167,,,,,,,,,,,,
,,,,,,,,,,,,,,,,,,,,,,,,,,,,,49-037-26167,,,,,,,,,,,,
*= Dolomite species added together.,,,,,,,,,,,,,,,,,,,,,,,,,,,,,49-037-26167,,,,,,,,,,,,
